<resources>


    <!-- General -->
    <string name="lune_sdk_str_aed_currency_amount">AED %1$s</string>
    <string name="lune_sdk_str_aed_currency_amount_localized">%1$s AED</string>

    <string name="lune_sdk_str_percent">%1$s %%</string>
    <string name="lune_sdk_str_aed_currency">AED</string>
    <string name="lune_sdk_str_spent">Spent</string>
    <string name="lune_sdk_str_remaining">Remaining</string>
    <!--    <string name="lune_sdk_str_transaction">Transaction</string>-->
    <!--    <string name="lune_sdk_str_transactions">Transactions</string>-->


    <!-- plural string -->
    <plurals name="lune_sdk_str_transactions">
        <item quantity="zero">No transaction</item>
        <item quantity="one">%1$s transaction</item>
        <item quantity="other">%1$s transactions</item>
    </plurals>


    <!-- Set Budget Form -->
    <string name="lune_sdk_str_your_monthly_budget">Set your monthly budget</string>
    <string name="lune_sdk_str_how_much_is_your_budget">How much is your budget?</string>
    <string name="lune_sdk_str_insert_amount">Insert Amount</string>
    <string name="lune_sdk_str_confirm">Confirm</string>


    <!-- Budget Summary -->
    <string name="lune_sdk_str_your_spend_so_far_is">"Your spend so far is "</string>
    <string name="lune_sdk_str_less_than_you_budgeted">less than you budgeted. You"re on track, keep it up!</string>


    <!-- Categories -->
    <!--    <string name="lune_sdk_str_cat_12">Income</string>-->
    <string name="lune_sdk_str_outflow">Outflow</string>
    <string name="lune_sdk_str_inflow">Inflow</string>
    <string name="lune_sdk_str_spends">Spend</string>
    <string name="lune_sdk_str_brand_name">Brand Name</string>
    <string name="lune_sdk_str_brand_logo">Brand Logo</string>
    <string name="lune_sdk_str_amount">Amount</string>
    <string name="lune_sdk_str_category">Category</string>
    <string name="lune_sdk_str_category_icon">Category Icon</string>
    <string name="lune_sdk_str_notes">Notes</string>
    <string name="lune_sdk_str_tap_to_add_notes">Tap to add notes</string>
    <string name="lune_sdk_str_date">Date</string>
    <string name="lune_sdk_str_date_time">Date/Time</string>
    <string name="lune_sdk_str_report_category">Report Category</string>
    <string name="lune_sdk_str_please_select_category">Please select your recommended category</string>
    <string name="lune_sdk_str_search">Search</string>
    <string name="lune_sdk_str_submit">Submit</string>
    <string name="lune_sdk_str_done">Done</string>
    <string name="lune_sdk_str_raw_transaction">Raw Transaction</string>
    <string name="lune_sdk_str_tags">Tags</string>
    <string name="lune_sdk_str_tap_to_add_tags">Tap to add your own tags…</string>
    <string name="lune_sdk_str_name">Name</string>
    <string name="lune_sdk_str_tap_to_filter_by_tags">Tap to filter transactions by tags</string>
    <string name="lune_sdk_str_spending">Spending</string>
    <string name="lune_sdk_str_no_data">No Data</string>
    <string name="lune_sdk_str_loading">Loading</string>
    <string name="lune_sdk_str_more_than_budget_minimize_spend">more than you budgeted. Try minimizing your spend</string>
    <string name="lune_sdk_str_categories">Categories</string>
    <string name="lune_sdk_str_edit">Edit</string>
    <string name="lune_sdk_str_save">Save</string>
    <string name="lune_sdk_str_no_cat_budget_set">No Category Budget Set</string>
    <string name="lune_sdk_str_category_spend_chart">Category Spend Chart</string>
    <string name="lune_sdk_str_budget_summary">Budget Summary</string>
    <string name="lune_sdk_str_budget_form">Budget Form</string>
    <string name="lune_sdk_str_budget_view">Budget View</string>
    <string name="lune_sdk_str_brand_listview">Brand List View</string>
    <string name="lune_sdk_str_transaction_list_view">Transaction List View</string>
    <string name="lune_sdk_str_transaction_detail_view">Transaction Detail View</string>
    <string name="lune_sdk_str_cateory_spend_list_view">Category Spend List View</string>
    <string name="lune_sdk_str_expense_view">Spend View</string>
    <string name="lune_sdk_str_cashflow_view">Cashflow View</string>
    <string name="lune_sdk_str_activity_view">Activity View</string>
    <string name="lune_sdk_str_category_activity_view">Category Activity View</string>
    <string name="lune_sdk_str_brand_trends_view">BrandTrendsView</string>
    <string name="lune_sdk_str_category_trend_view">Category Trend View</string>
    <string name="lune_sdk_str_tap_to_upload_image">Tap to upload an image</string>
    <string name="lune_sdk_str_new_str">New</string>
    <string name="lune_sdk_str_set_date">Set date</string>
    <string name="lune_sdk_str_set_date_desc">Set a deadline and we will calculate how much you need to pay/month</string>
    <string name="lune_sdk_str_set_amount_month">Set amount / month</string>
    <string name="lune_sdk_str_set_amount_month_desc"><![CDATA[Set the amount you want to pay/month & we will calculate when will you achieve your goal]]></string>
    <string name="lune_sdk_str_next_choose_plan">Next: choose a plan</string>
    <string name="lune_sdk_str_calculate_amount_month">Calculate amount/month</string>
    <string name="lune_sdk_str_create_goal">Create goal</string>
    <string name="lune_sdk_str_view_all_goals">View all your goals</string>
    <string name="lune_sdk_str_add_equally">Add equally</string>
    <string name="lune_sdk_str_percentages">Percentages</string>
    <string name="lune_sdk_str_all">All</string>
    <string name="lune_sdk_str_achieved">Achieved</string>
    <string name="lune_sdk_str_nearest_aed">Nearest AED</string>
    <string name="lune_sdk_str_nearest_5_aed">Nearest 5 AED</string>
    <string name="lune_sdk_str_nearest_10_aed">Nearest 10 AED</string>
    <string name="lune_sdk_str_nearest_20_aed">Nearest 20 AED</string>
    <string name="lune_sdk_str_monthly">Monthly</string>
    <string name="lune_sdk_str_weekly">Weekly</string>
    <string name="lune_sdk_str_category_name">Category Name</string>
    <string name="lune_sdk_str_category_name_field_label">Category Name</string>
    <string name="lune_sdk_str_add_a_custom_category">Add a custom category</string>
    <string name="lune_sdk_str_add_custom_category">Add custom category</string>
    <string name="lune_sdk_str_savings_view">Savings View</string>
    <string name="lune_sdk_str_your_savings_grew">Your savings grew</string>
    <string name="lune_sdk_str_your_savings_shrunk">Your savings shrunk</string>
    <string name="lune_sdk_str_from_last_month">from last month</string>
    <string name="lune_sdk_str_spendings">Spendings</string>
    <string name="lune_sdk_str_rounded_up">"Rounded up "</string>
    <string name="lune_sdk_str_budget">Budget</string>
    <string name="lune_sdk_str_leftovers">Leftovers</string>
    <string name="lune_sdk_str_fixed_amount">Fixed amount</string>
    <string name="lune_sdk_str_set_your_savings_plan">Set your savings plan</string>
    <string name="lune_sdk_str_unlock_your_savings_potential">Unlock Your Savings Potential</string>
    <string name="lune_sdk_str_savings_intro_text">Save effortlessly with our feature. Set and track your savings goals to achieve financial milestones. Start saving today!</string>
    <string name="lune_sdk_str_manage_your_savings">Manage your savings</string>
    <string name="lune_sdk_str_fixed_amount_description">Set a fixed amount to be deducted every month/week from your balance.</string>
    <string name="lune_sdk_str_leftovers_description">Save any leftovers automatically from your budget of the previous month.</string>
    <string name="lune_sdk_str_round_up_description"><![CDATA[Round up the spare change from your spendings & choose from different amounts.]]></string>
    <string name="lune_sdk_str_choose_amount">Choose amount</string>
    <string name="lune_sdk_str_leftover">Leftover</string>
    <string name="lune_sdk_str_enter_the_total_amount">Enter the total amount</string>
    <string name="lune_sdk_str_choose_frequency">Choose frequency</string>
    <string name="lune_sdk_str_round_up">Round up</string>
    <string name="lune_sdk_str_over_budget_alert">Over budget alert</string>
    <string name="lune_sdk_str_over_budget_alert_description">Notify me if my expenses are exceeding the budget and affecting my savings</string>
    <string name="lune_sdk_str_manage_your_savings_plans">Manage your savings plans</string>
    <string name="lune_sdk_str_your_savings">Your Savings</string>
    <string name="lune_sdk_str_total_savings">Total savings</string>
    <string name="lune_sdk_str_transactions">Transactions</string>
    <string name="lune_sdk_str_goals_view">Goals View</string>
    <string name="lune_sdk_str_allocate_your_savings">Allocate your savings</string>
    <string name="lune_sdk_str_goals_intro_description">Achieve your financial goals effortlessly with our goal-tracking feature. Start making progress towards your dreams today!</string>
    <string name="lune_sdk_str_create_your_goals">Create your goals</string>
    <string name="lune_sdk_str_let_s_create_your_goal">Let’s Create your Goal!</string>
    <string name="lune_sdk_str_add_new_goal_type">Add new goal type</string>
    <string name="lune_sdk_str_add">Add</string>
    <string name="lune_sdk_str_choose_a_plan">Choose a plan</string>
    <string name="lune_sdk_str_select_deadline">Select Deadline</string>
    <string name="lune_sdk_str_your_plan">Your Plan</string>
    <string name="lune_sdk_str_choose_account">Choose account</string>
    <string name="lune_sdk_str_choose_date">Choose date</string>
    <string name="lune_sdk_str_enter_the_amount_month">Enter the amount/month</string>
    <string name="lune_sdk_str_your_goal_is_all_set">Your goal is all set!</string>
    <string name="lune_sdk_str_deadline">Deadline</string>
    <string name="lune_sdk_str_amount_per_month">Amount/Month</string>
    <string name="lune_sdk_str_account">Account</string>
    <string name="lune_sdk_str_choose_your_goal_type">Choose your goal type</string>
    <string name="lune_sdk_str_details">Details</string>
    <string name="lune_sdk_str_label_name">Label / Name*</string>
    <string name="lune_sdk_str_trip_to_bali">Trip to Bali</string>
    <string name="lune_sdk_str_percent_short">%s%%</string>
    <string name="lune_sdk_str_achievement">Achievement</string>
    <string name="lune_sdk_str_view_all">View all</string>
    <string name="lune_sdk_str_add_money_to_your_goal">Add money to your goal</string>
    <string name="lune_sdk_str_master_your_finances">Master Your Finances</string>
    <string name="lune_sdk_str_budget_intro_text">Set spending limits, track your expenses, and \nstay on top of your financial goals. \nBudgeting has never been easier!</string>
    <string name="lune_sdk_str_set_your_budget">Set your budget</string>
    <string name="lune_sdk_str_spend">Spend</string>
    <string name="lune_sdk_str_expected">Expected</string>

    <string name="lune_sdk_str_cancel">Cancel</string>
    <string name="lune_sdk_str_your_image_should_not_be_greater_than_mb_it_is_currently_mb">Your image should not be greater than %1$sMB.\nIt is currently %2$s MB</string>
    <string name="lune_sdk_str_provide_a_goal_label">Provide a goal label</string>
    <string name="lune_sdk_str_select_a_goal_type">Select a goal type</string>
    <string name="lune_sdk_str_provide_a_goal_amount">Provide a goal amount</string>
    <string name="lune_sdk_str_provide_an_amount_per_month">Provide an amount per month</string>
    <string name="lune_sdk_str_provide_an_amount_per_month_less_than_total_amount">The amount per month cannot exceed total amount</string>
    <string name="lune_sdk_str_provide_goal_deadline">Provide a valid goal deadline</string>
    <string name="lune_sdk_str_select_account">Select account</string>
    <string name="lune_sdk_str_deadline_should_be_in_the_future">Deadline should be in the future</string>
    <string name="lune_sdk_str_no_items">No items</string>
    <string name="lune_sdk_str_choose_item">Choose item</string>
    <string name="lune_sdk_str_calculate_duration">Calculate duration</string>
    <string name="lune_sdk_str_closed">Closed</string>
    <string name="lune_sdk_str_reported">Reported</string>
    <string name="lune_sdk_str_updated">Updated</string>
    <string name="lune_sdk_str_filters">Filters</string>
    <string name="lune_sdk_str_reset">Reset</string>
    <string name="lune_sdk_str_filter_by_category">Filter by category</string>
    <string name="lune_sdk_str_suggested_brand">Suggested Brand</string>
    <string name="lune_sdk_str_suggested_category">Suggested Category</string>
    <string name="lune_sdk_str_report_transaction">Report transaction</string>
    <string name="lune_sdk_str_report_transaction_title">Report transaction</string>
    <string name="lune_sdk_str_cancel_report">Cancel report</string>
    <string name="lune_sdk_str_report">Report</string>
    <string name="lune_sdk_str_update_done">Feedback submitted successfully</string>
    <string name="lune_sdk_str_yes_cancel">Yes, cancel</string>
    <string name="lune_sdk_str_cancel_report_confirmation">Are you sure you want to cancel the report?</string>
    <string name="lune_sdk_str_no">No</string>
    <string name="lune_sdk_str_report_canceled_successfully">Report canceled successfully</string>
    <string name="lune_sdk_str_you_ve_spent">"You've spent "</string>
    <string name="lune_sdk_str_you_ve_earned">"You've earned "</string>
    <string name="lune_sdk_str_more_than_you_have_spent">" more than you have spent"</string>
    <string name="lune_sdk_str_more_than_you_have_earned">" more than you have earned"</string>
    <string name="lune_sdk_str_trends">Trends</string>
    <string name="lune_sdk_str_top_brands">Top Brands</string>
    <string name="lune_sdk_str_filter_by_tags">Filter by tags</string>
    <string name="lune_sdk_str_top_categories">Top Categories</string>
    <string name="lune_sdk_str_let_s_set_your_savings_plan">Let’s set your savings plan</string>
    <string name="lune_sdk_str_set_your_plan">Set your plan</string>
    <string name="lune_sdk_str_more_than_you_budgeted">" more than you budgeted"</string>
    <string name="lune_sdk_str_less_than_you_budgeted_you_re_on_track_keep_it_up">" less than you budgeted. You’re on track, keep it up!"</string>
    <string name="lune_sdk_str_enter_your_budget">Enter your budget</string>
    <string name="lune_sdk_str_edit_your_monthly_budget">Edit your monthly budget</string>
    <string name="lune_sdk_str_x_aed_left">%s AED Left</string>
    <string name="lune_sdk_str_no_amount_left_to_allocate">No amount left to allocate</string>
    <string name="lune_sdk_str_budgets_are_updated_successfully">Budgets are updated successfully</string>
    <string name="lune_sdk_str_overspent">Overspent</string>
    <string name="lune_sdk_str_it_looks_like_you_ve_exceeded_your_expected_spending_take_a_moment_to_review_your_budget_and_ensure_you_re_on_track">It looks like you\'ve exceeded your expected spending. Take a moment to review your budget and ensure you\'re on track.</string>
    <string name="lune_sdk_str_how_much_should_be_deducted">How much should be deducted?</string>
    <string name="lune_sdk_str_month">/Month</string>
    <string name="lune_sdk_str_week">/Week</string>
    <string name="lune_sdk_str_your_goals">Your goals</string>
    <string name="lune_sdk_str_create_a_new_goal">Create a new goal</string>
    <string name="lune_sdk_str_you_have_no_achieved_goals_yet">You have no achieved goals yet</string>
    <string name="lune_sdk_str_edit_goal">Edit Goal</string>
    <string name="lune_sdk_str_you_saved">"You saved "</string>
    <string name="lune_sdk_str_no_transactions">No transactions</string>
    <string name="lune_sdk_str_money_added_successfully">Money added successfully.</string>
    <string name="lune_sdk_str_plan">Plan</string>
    <string name="lune_sdk_str_save_changes">Save changes</string>
    <string name="lune_sdk_str_goal_updated_successfully">Goal updated successfully.</string>
    <string name="lune_sdk_str_image">Image</string>
    <string name="lune_sdk_str_plan_updated_successfully">Plan updated successfully.</string>
    <string name="lune_sdk_str_budget_updated_successfully">Budget updated successfully</string>
    <string name="lune_sdk_str_delete_goal">Delete Goal</string>
    <string name="lune_sdk_str_are_you_sure_you_want_to_delete_this_goal">Are you sure you want to delete this goal?</string>
    <string name="lune_sdk_str_yes_delete">Yes, delete</string>
    <string name="lune_sdk_str_goal_deleted"><![CDATA[Goal deleted successfully & money is back to your savings.]]></string>
    <string name="lune_sdk_str_please_select_a_deadline">Please select a deadline</string>
    <string name="lune_sdk_str_all_spends">Spend Categories</string>
    <string name="lune_sdk_str_others">Others</string>
    <string name="lune_sdk_str_transaction_saved_successfully">Transaction saved successfully</string>
    <string name="lune_sdk_str_money_allocated_successfully">Money allocated successfully.</string>
    <string name="lune_sdk_str_apply">Apply</string>
    <string name="lune_sdk_str_enter_amount">Enter amount</string>
    <string name="lune_sdk_str_add_money">Add money</string>
    <string name="lune_sdk_str_no_results_found">No results found...</string>
    <string name="lune_sdk_str_sorry_we_couldn_t_find_any_results_matching_your_search_criteria_please_try_another_one_or_change_date_filters"><![CDATA[Sorry, we couldn\'t find any results matching your search criteria. Please try another one or change date & filters]]></string>
    <string name="lune_sdk_str_change_filters">Change filters</string>
    <string name="lune_sdk_str_go_back">Go back</string>
    <string name="lune_sdk_str_cashflow">Cashflow</string>
    <string name="lune_sdk_str_category_trend_chart">Category Trend Chart</string>
    <string name="lune_sdk_str_brand_trend_chart">"Brand Trend Chart "</string>
    <string name="lune_sdk_str_cashflow_chart_view">"Cashflow Chart "</string>
    <string name="lune_sdk_str_total_spends">Total Spend</string>
    <string name="lune_sdk_str_categories_trends">Categories Trends</string>
    <string name="lune_sdk_str_avg_spend">Avg. Spend</string>
    <string name="lune_sdk_str_brand_trends">Brand Trends</string>
    <string name="lune_sdk_str_incorrect_brand_name">Incorrect Brand Name</string>
    <string name="lune_sdk_str_incorrect_logo">Incorrect Logo</string>
    <string name="lune_sdk_str_incorrect_category">Incorrect Category</string>
</resources>