<?xml version="1.0" encoding="utf-8"?>
<resources xmlns:tools="http://schemas.android.com/tools">

    <!-- General -->
    <string name="lune_sdk_str_aed_currency_amount">درهم %1$s</string>
    <string name="lune_sdk_str_aed_currency_amount_localized">%1$s درهم</string>

    <string name="lune_sdk_str_aed_currency">درهم</string>
    <string name="lune_sdk_str_spent">Spent</string>
    <string name="lune_sdk_str_remaining">Remaining</string>
    <!--    <string name="lune_sdk_str_transaction">Transaction</string>-->
    <!--    <string name="lune_sdk_str_transactions">Transactions</string>-->


    <!-- plural string -->
    <plurals name="lune_sdk_str_transactions" tools:ignore="MissingQuantity">
        <item quantity="zero">لا توجد معاملة</item>
        <item quantity="one">%1$s معاملة</item>
        <item quantity="other">%1$s المعاملات</item>
    </plurals>


    <!-- Set Budget Form -->
    <string name="lune_sdk_str_your_monthly_budget">الميزانية الشهرية</string>
    <string name="lune_sdk_str_how_much_is_your_budget">كم هي ميزانيتك؟</string>
    <string name="lune_sdk_str_insert_amount">أدخل المبلغ</string>
    <string name="lune_sdk_str_confirm">تأكيد</string>


    <!-- Budget Summary -->
    <string name="lune_sdk_str_your_spend_so_far_is">"إنفاقك حتى الآن هو "</string>
    <string name="lune_sdk_str_less_than_you_budgeted">أقل مما حددته في الميزانية. أنت على الطريق الصحيح ، استمر في ذلك!</string>


    <!-- الفئات -->
    <!--    <string name="lune_sdk_str_cat_12">دخل</string>-->
    <string name="lune_sdk_str_outflow">نفقات</string>
    <string name="lune_sdk_str_inflow"> دخل </string>
    <string name="lune_sdk_str_spends">الإنفاق</string>
    <string name="lune_sdk_str_brand_name">اسم العلامة التجارية</string>
    <string name="lune_sdk_str_brand_logo">عَلامة تِجاريّة</string>
    <string name="lune_sdk_str_amount">مبلغ</string>
    <string name="lune_sdk_str_category">فئة</string>
    <string name="lune_sdk_str_category_icon">رمز الفئة</string>
    <string name="lune_sdk_str_notes">ملحوظات</string>
    <string name="lune_sdk_str_tap_to_add_notes">انقر لإضافة ملاحظات...</string>
    <string name="lune_sdk_str_date">تاريخ</string>
    <string name="lune_sdk_str_date_time">التاريخ/الوقت</string>
    <string name="lune_sdk_str_report_category">الإبلاغ عن الفئة</string>
    <string name="lune_sdk_str_please_select_category">الرجاء تحديد الفئة الموصى بها</string>
    <string name="lune_sdk_str_search">بحث</string>
    <string name="lune_sdk_str_submit">قدم</string>
    <string name="lune_sdk_str_done">تم</string>
    <string name="lune_sdk_str_raw_transaction">المعاملة الخام</string>
    <string name="lune_sdk_str_tags">علامات</string>
    <string name="lune_sdk_str_tap_to_add_tags">انقر لإضافة العلامات الخاصة بك...</string>
    <string name="lune_sdk_str_name">اسم</string>
    <string name="lune_sdk_str_tap_to_filter_by_tags">انقر لتصفية المعاملات حسب العلامات</string>
    <string name="lune_sdk_str_spending">الإنفاق</string>
    <string name="lune_sdk_str_no_data">لايوجد بيانات</string>
    <string name="lune_sdk_str_loading">جاري التحميل</string>
    <string name="lune_sdk_str_more_than_budget_minimize_spend">أكثر مما خصصته في الميزانية. حاول تقليل إنفاقك</string>
    <string name="lune_sdk_str_categories">الفئات</string>
    <string name="lune_sdk_str_edit">تعديل</string>
    <string name="lune_sdk_str_save">حفظ</string>
    <string name="lune_sdk_str_no_cat_budget_set">لم يتم تحديد ميزانية الفئة</string>
    <string name="lune_sdk_str_category_spend_chart">مخطط إنفاق الفئة</string>
    <string name="lune_sdk_str_budget_summary">ملخص الميزانية</string>
    <string name="lune_sdk_str_budget_form">استمارة الميزانية</string>
    <string name="lune_sdk_str_budget_view">عرض الميزانية</string>
    <string name="lune_sdk_str_brand_listview">عرض قائمة العلامات التجارية</string>
    <string name="lune_sdk_str_transaction_list_view">عرض قائمة المعاملات</string>
    <string name="lune_sdk_str_transaction_detail_view">عرض تفاصيل المعاملة</string>
    <string name="lune_sdk_str_cateory_spend_list_view">عرض قائمة الإنفاق للفئة</string>
    <string name="lune_sdk_str_expense_view">عرض النفقات</string>
    <string name="lune_sdk_str_cashflow_view">عرض التدفق المالي</string>
    <string name="lune_sdk_str_activity_view">عرض النشاط</string>
    <string name="lune_sdk_str_category_activity_view">عرض نشاط الفئة</string>
    <string name="lune_sdk_str_brand_trends_view">عرض الاتجاه العلامة التجارية</string>
    <string name="lune_sdk_str_category_trend_view">عرض الاتجاه الفئة</string>
    <string name="lune_sdk_str_tap_to_upload_image">انقر لتحميل صورة</string>
    <string name="lune_sdk_str_new_str">جديد</string>
    <string name="lune_sdk_str_set_date">حدد التاريخ</string>
    <string name="lune_sdk_str_set_date_desc">حدد موعدًا نهائيًا وسنحسب المبلغ الذي تحتاج إلى دفعه شهريًا</string>
    <string name="lune_sdk_str_set_amount_month">تحديد المبلغ / الشهر</string>
    <string name="lune_sdk_str_set_amount_month_desc"><![CDATA[حدد المبلغ الذي تريد دفعه شهريًا وسنقوم بحساب متى ستحقق هدفك]]></string>
    <string name="lune_sdk_str_next_choose_plan">التالي: اختر الخطة</string>
    <string name="lune_sdk_str_calculate_amount_month">حساب المبلغ / الشهر</string>
    <string name="lune_sdk_str_create_goal">إنشاء الهدف</string>
    <string name="lune_sdk_str_view_all_goals">عرض جميع أهدافك</string>
    <string name="lune_sdk_str_add_equally">أضف بالتساوي</string>
    <string name="lune_sdk_str_percentages">النسب المئوية</string>
    <string name="lune_sdk_str_percent">%1$s %%</string>
    <string name="lune_sdk_str_all">جميع</string>
    <string name="lune_sdk_str_achieved">حقق</string>
    <string name="lune_sdk_str_nearest_aed">أقرب درهم</string>
    <string name="lune_sdk_str_nearest_5_aed">أقرب ٥ درهم</string>
    <string name="lune_sdk_str_nearest_10_aed">أقرب ١٠ درهم</string>
    <string name="lune_sdk_str_nearest_20_aed">أقرب ٢٠ درهم</string>
    <string name="lune_sdk_str_monthly">شهريا</string>
    <string name="lune_sdk_str_weekly">أسبوعيا</string>
    <string name="lune_sdk_str_category_name">اسم الفئة</string>
    <string name="lune_sdk_str_category_name_field_label">اسم الفئة</string>
    <string name="lune_sdk_str_add_a_custom_category">أضف فئة مخصصة</string>
    <string name="lune_sdk_str_add_custom_category">أضف فئة مخصصة</string>
    <string name="lune_sdk_str_savings_view">Savings View</string>
    <string name="lune_sdk_str_your_savings_grew">نمت مدخراتك</string>
    <string name="lune_sdk_str_your_savings_shrunk">تقلصت مدخراتك</string>
    <string name="lune_sdk_str_from_last_month">من الشهر الماضي</string>
    <string name="lune_sdk_str_spendings">الإنفاق</string>
    <string name="lune_sdk_str_rounded_up">"تم تقريبه "</string>
    <string name="lune_sdk_str_budget">ميزانية</string>
    <string name="lune_sdk_str_leftovers">بقايا</string>
    <string name="lune_sdk_str_fixed_amount">مبلغ ثابت</string>
    <string name="lune_sdk_str_set_your_savings_plan">حدد خطة الادخار الخاصة بك</string>
    <string name="lune_sdk_str_unlock_your_savings_potential">قم بإطلاق إمكانات مدخراتك</string>
    <string name="lune_sdk_str_savings_intro_text">وفر بسهولة مع ميزتنا. حدد أهدافك الادخارية وتتبعها لتحقيق الإنجازات المالية. ابدأ بالادخار اليوم!</string>
    <string name="lune_sdk_str_manage_your_savings">قم بإدارة مدخراتك</string>
    <string name="lune_sdk_str_fixed_amount_description">حدد مبلغًا ثابتًا ليتم خصمه كل شهر/أسبوع من رصيدك..</string>
    <string name="lune_sdk_str_leftovers_description">احفظ أي بقايا تلقائيًا من ميزانيتك للشهر السابق.</string>
    <string name="lune_sdk_str_round_up_description"><![CDATA[قم بتقريب التغيير الفائض من نفقاتك واختر من بين مبالغ مختلفة.]]></string>
    <string name="lune_sdk_str_choose_amount">اختر المبلغ</string>
    <string name="lune_sdk_str_leftover">باقى</string>
    <string name="lune_sdk_str_enter_the_total_amount">أدخل المبلغ الإجمالي</string>
    <string name="lune_sdk_str_choose_frequency">اختر التردد</string>
    <string name="lune_sdk_str_round_up">تقريب</string>
    <string name="lune_sdk_str_over_budget_alert">تنبيه بشأن تجاوز الميزانية</string>
    <string name="lune_sdk_str_over_budget_alert_description">أعلمني إذا تجاوزت مصاريفي الميزانية وأثرت على مدخراتي</string>
    <string name="lune_sdk_str_manage_your_savings_plans">إدارة خطط الادخار الخاصة بك</string>
    <string name="lune_sdk_str_your_savings">مدخراتك</string>
    <string name="lune_sdk_str_total_savings">إجمالي المدخرات</string>
    <string name="lune_sdk_str_transactions">معاملات</string>
    <string name="lune_sdk_str_goals_view">عرض الأهداف</string>
    <string name="lune_sdk_str_allocate_your_savings">خصص مدخراتك</string>
    <string name="lune_sdk_str_goals_intro_description">حقق أهدافك المالية دون عناء من خلال ميزة تتبع الأهداف لدينا. البدء في إحراز التقدم نحو أحلامك اليوم!</string>
    <string name="lune_sdk_str_create_your_goals">قم بإنشاء أهدافك</string>
    <string name="lune_sdk_str_let_s_create_your_goal">دعونا نصنع هدفك!</string>
    <string name="lune_sdk_str_add_new_goal_type">أضف نوع هدف جديد</string>
    <string name="lune_sdk_str_add">أضف</string>
    <string name="lune_sdk_str_choose_a_plan">اختر الخطة</string>
    <string name="lune_sdk_str_select_deadline">اختر الموعد النهائي</string>
    <string name="lune_sdk_str_your_plan">خطتك</string>
    <string name="lune_sdk_str_choose_account">اختر الحساب</string>
    <string name="lune_sdk_str_choose_date">اختر التاريخ</string>
    <string name="lune_sdk_str_enter_the_amount_month">أدخل المبلغ / الشهر</string>
    <string name="lune_sdk_str_your_goal_is_all_set">تم إعداد هدفك بالكامل!</string>
    <string name="lune_sdk_str_deadline">الموعد النهائي</string>
    <string name="lune_sdk_str_amount_per_month">المبلغ / الشهر</string>
    <string name="lune_sdk_str_account">حساب</string>
    <string name="lune_sdk_str_choose_your_goal_type">اختر نوع هدفك</string>
    <string name="lune_sdk_str_details">تفاصيل</string>
    <string name="lune_sdk_str_label_name">ملصق / اسم*</string>
    <string name="lune_sdk_str_trip_to_bali">Trip to Bali</string>
    <string name="lune_sdk_str_percent_short">%s%%</string>
    <string name="lune_sdk_str_achievement">الإنجاز</string>
    <string name="lune_sdk_str_view_all">عرض الكل</string>
    <string name="lune_sdk_str_add_money_to_your_goal">أضف المال إلى هدفك</string>
    <string name="lune_sdk_str_master_your_finances">إتقان شؤونك المالية</string>
    <string name="lune_sdk_str_budget_intro_text">قم بتعيين حدود الإنفاق، وتتبع نفقاتك، و\ابق على اطلاع بأهدافك المالية. \الميزانية لم تكن أسهل من أي وقت مضى!</string>
    <string name="lune_sdk_str_set_your_budget">حدد ميزانيتك</string>
    <string name="lune_sdk_str_spend">أنفق</string>
    <string name="lune_sdk_str_expected">مُتوقع</string>

    <string name="lune_sdk_str_cancel">إلغاء</string>
    <string name="lune_sdk_str_your_image_should_not_be_greater_than_mb_it_is_currently_mb">يجب ألا يزيد حجم صورتك عن ١% ميجابايت. ويبلغ حجمها حاليًا ٢% ميجابايت</string>
    <string name="lune_sdk_str_provide_a_goal_label">توفير تسمية الهدف</string>
    <string name="lune_sdk_str_select_a_goal_type">حدد نوع الهدف</string>
    <string name="lune_sdk_str_provide_a_goal_amount">توفير مبلغ الهدف</string>
    <string name="lune_sdk_str_provide_an_amount_per_month">توفير مبلغ شهريا</string>
    <string name="lune_sdk_str_provide_an_amount_per_month_less_than_total_amount">لا يمكن أن يتجاوز المبلغ شهريًا المبلغ الإجمالي</string>
    <string name="lune_sdk_str_provide_goal_deadline">تقديم موعد نهائي صالح للهدف</string>
    <string name="lune_sdk_str_select_account">حدد حساب</string>
    <string name="lune_sdk_str_deadline_should_be_in_the_future">يجب أن يكون الموعد النهائي في المستقبل</string>
    <string name="lune_sdk_str_no_items">لا توجد عناصر</string>
    <string name="lune_sdk_str_choose_item">اختر العنصر</string>
    <string name="lune_sdk_str_calculate_duration">احسب المدة</string>
    <string name="lune_sdk_str_closed">مغلق</string>
    <string name="lune_sdk_str_reported">تم الإبلاغ عنها</string>
    <string name="lune_sdk_str_updated">تم التحديث</string>
    <string name="lune_sdk_str_filters">التصفيات</string>
    <string name="lune_sdk_str_reset">إعادة ضبط</string>
    <string name="lune_sdk_str_filter_by_category">تصفية حسب الفئة</string>
    <string name="lune_sdk_str_suggested_brand">العلامة التجارية المقترحة</string>
    <string name="lune_sdk_str_suggested_category">الفئة المقترحة</string>
    <string name="lune_sdk_str_report_transaction">الإبلاغ عن المعاملة</string>
    <string name="lune_sdk_str_report_transaction_title">الإبلاغ عن المعاملة</string>
    <string name="lune_sdk_str_cancel_report">إلغاء التقرير</string>
    <string name="lune_sdk_str_report">أبلغ / الإبلاغ عن خطأ</string>
    <string name="lune_sdk_str_update_done">تم إرسال الملاحظات بنجاح</string>
    <string name="lune_sdk_str_yes_cancel">نعم، إلغاء</string>
    <string name="lune_sdk_str_cancel_report_confirmation">هل أنت متأكد أنك تريد إلغاء الإبلاغ؟</string>
    <string name="lune_sdk_str_no">لا</string>
    <string name="lune_sdk_str_report_canceled_successfully">تم إلغاء التقرير بنجاح</string>
    <string name="lune_sdk_str_you_ve_spent">"لقد قضيت "</string>
    <string name="lune_sdk_str_you_ve_earned">"لقد حصلت على "</string>
    <string name="lune_sdk_str_more_than_you_have_spent">" أكثر مما أنفقته"</string>
    <string name="lune_sdk_str_more_than_you_have_earned">" أكثر مما اكتسبت"</string>
    <string name="lune_sdk_str_trends">الاتجاهات</string>
    <string name="lune_sdk_str_top_brands">أفضل العلامات التجارية</string>
    <string name="lune_sdk_str_filter_by_tags">التصفية حسب العلامات</string>
    <string name="lune_sdk_str_top_categories">أهم الفئات</string>
    <string name="lune_sdk_str_let_s_set_your_savings_plan">دعنا نضع خطة التوفير الخاصة بك</string>
    <string name="lune_sdk_str_set_your_plan">حدد خطتك</string>
    <string name="lune_sdk_str_more_than_you_budgeted">" أكثر مما خصصته في الميزانية"</string>
    <string name="lune_sdk_str_less_than_you_budgeted_you_re_on_track_keep_it_up">" أقل مما خصصته في الميزانية. أنت على الطريق الصحيح، استمر في ذلك!"</string>
    <string name="lune_sdk_str_enter_your_budget">أدخل ميزانيتك</string>
    <string name="lune_sdk_str_edit_your_monthly_budget">تعديل ميزانيتك الشهرية</string>
    <string name="lune_sdk_str_x_aed_left">%s الدرهم المتبقي</string>
    <string name="lune_sdk_str_no_amount_left_to_allocate">لم يتبق أي مبلغ لتخصيصه</string>
    <string name="lune_sdk_str_budgets_are_updated_successfully">تم تحديث الميزانيات بنجاح</string>
    <string name="lune_sdk_str_overspent">تجاوزت الإنفاق</string>
    <string name="lune_sdk_str_it_looks_like_you_ve_exceeded_your_expected_spending_take_a_moment_to_review_your_budget_and_ensure_you_re_on_track">يبدو أنك تجاوزت إنفاقك المتوقع. خذ دقيقة من وقتك لمراجعة ميزانيتك والتأكد من أنك تسير على الطريق الصحيح.</string>
    <string name="lune_sdk_str_how_much_should_be_deducted">كم يجب خصمه؟</string>
    <string name="lune_sdk_str_month">/شهر</string>
    <string name="lune_sdk_str_week">/أسبوع</string>
    <string name="lune_sdk_str_your_goals">أهدافك</string>
    <string name="lune_sdk_str_create_a_new_goal">إنشاء هدف جديد</string>
    <string name="lune_sdk_str_you_have_no_achieved_goals_yet">ليس لديك أهداف محققة بعد</string>
    <string name="lune_sdk_str_edit_goal">تعديل الهدف</string>
    <string name="lune_sdk_str_you_saved">"لقد قمت بحفظها "</string>
    <string name="lune_sdk_str_no_transactions">لا توجد معاملات</string>
    <string name="lune_sdk_str_money_added_successfully">تم إضافة الأموال بنجاح.</string>
    <string name="lune_sdk_str_plan">خطة</string>
    <string name="lune_sdk_str_save_changes">حفظ التغييرات</string>
    <string name="lune_sdk_str_goal_updated_successfully">تم تحديث الهدف بنجاح</string>
    <string name="lune_sdk_str_image">صورة</string>
    <string name="lune_sdk_str_plan_updated_successfully">تم تحديث الخطة بنجاح..</string>
    <string name="lune_sdk_str_budget_updated_successfully">تم تحديث الميزانية بنجاح</string>
    <string name="lune_sdk_str_delete_goal">حذف الهدف</string>
    <string name="lune_sdk_str_are_you_sure_you_want_to_delete_this_goal">هل أنت متأكد أنك تريد حذف هذا الهدف؟</string>
    <string name="lune_sdk_str_yes_delete">نعم ،احذف</string>
    <string name="lune_sdk_str_goal_deleted"><![CDATA[تم حذف الهدف بنجاح وتم إرجاع الأموال إلى مدخراتك.]]></string>
    <string name="lune_sdk_str_please_select_a_deadline">الرجاء تحديد الموعد النهائي</string>
    <string name="lune_sdk_str_all_spends">تقسيم الإنفاق</string>
    <string name="lune_sdk_str_others">أخرى</string>
    <string name="lune_sdk_str_transaction_saved_successfully">تم حفظ المعاملة بنجاح</string>
    <string name="lune_sdk_str_money_allocated_successfully">تم تخصيص الأموال بنجاح.</string>
    <string name="lune_sdk_str_apply">قدم</string>
    <string name="lune_sdk_str_enter_amount">أدخل المبلغ</string>
    <string name="lune_sdk_str_add_money">إضافة المال</string>
    <string name="lune_sdk_str_no_results_found">لا توجد نتائج...</string>
    <string name="lune_sdk_str_sorry_we_couldn_t_find_any_results_matching_your_search_criteria_please_try_another_one_or_change_date_filters"><![CDATA[عذرًا، لم نتمكن من العثور على أي نتائج مطابقة لمعايير البحث الخاصة بك. يرجى تجربة واحدة أخرى أو تغيير التاريخ والمرشحات]]></string>
    <string name="lune_sdk_str_change_filters">تغيير التصفيات</string>
    <string name="lune_sdk_str_go_back">العودة</string>
    <string name="lune_sdk_str_cashflow">تدفق مالي</string>
    <string name="lune_sdk_str_category_trend_chart">مخطط اتجاه الفئة</string>
    <string name="lune_sdk_str_brand_trend_chart">"مخطط اتجاه العلامة التجارية "</string>
    <string name="lune_sdk_str_cashflow_chart_view">"مخطط التدفق النقدي "</string>
    <string name="lune_sdk_str_total_spends">إجمالي الإنفاق</string>
    <string name="lune_sdk_str_categories_trends">اتجاهات الفئات</string>
    <string name="lune_sdk_str_avg_spend">متوسط الإنفاق</string>
    <string name="lune_sdk_str_brand_trends">اتجاهات العلامة التجارية</string>
    <string name="lune_sdk_str_incorrect_brand_name">اسم العلامة التجارية غير صحيح</string>
    <string name="lune_sdk_str_incorrect_logo">شعار غير صحيح</string>
    <string name="lune_sdk_str_incorrect_category">فئة غير صحيحة</string>
</resources>